SECT\DRGN0.BIN,Single-File,2497,2,Hoax Beta,TIM: 4-Bit CLUT,NONE
SECT\DRGN0.BIN,Single-File,2498,2,Forest,TIM: 4-Bit CLUT,NONE
SECT\DRGN0.BIN,Single-File,2499,2,Seles,TIM: 4-Bit CLUT,NONE
SECT\DRGN0.BIN,Single-File,2500,2,Hellena Prison 1,TIM: 4-Bit CLUT,NONE
SECT\DRGN0.BIN,Single-File,2501,2,Hellena Prison 2,TIM: 4-Bit CLUT,NONE
SECT\DRGN0.BIN,Single-File,2502,2,Hellena Prison 3,TIM: 4-Bit CLUT,NONE
SECT\DRGN0.BIN,Single-File,2503,2,Prairie,TIM: 4-Bit CLUT,NONE
SECT\DRGN0.BIN,Single-File,2504,2,Limestone Cave 1,TIM: 4-Bit CLUT,NONE
SECT\DRGN0.BIN,Single-File,2505,2,Limestone Cave 2,TIM: 4-Bit CLUT,NONE
SECT\DRGN0.BIN,Single-File,2506,2,Hoax,TIM: 4-Bit CLUT,NONE
SECT\DRGN0.BIN,Single-File,2507,2,Marshlands,TIM: 4-Bit CLUT,NONE
SECT\DRGN0.BIN,Single-File,2508,2,Volcano Villude,TIM: 4-Bit CLUT,NONE
SECT\DRGN0.BIN,Single-File,2509,2,Volcano Villude Boss Fight,TIM: 4-Bit CLUT,NONE
SECT\DRGN0.BIN,Single-File,2510,2,Nest Of Dragon Outside,TIM: 4-Bit CLUT,NONE
SECT\DRGN0.BIN,Single-File,2511,2,Nest Of Dragon Feyrbrand Lair,TIM: 4-Bit CLUT,NONE
SECT\DRGN0.BIN,Single-File,2512,2,Shirley Shrine,TIM: 4-Bit CLUT,NONE
SECT\DRGN0.BIN,Single-File,2513,2,Shirley Shrine Boss Fight,TIM: 4-Bit CLUT,NONE
SECT\DRGN0.BIN,Single-File,2514,2,Lohan Battle Arena,TIM: 4-Bit CLUT,NONE
SECT\DRGN0.BIN,Single-File,2515,2,Melbu Frahma 2nd Stage,TIM: 4-Bit CLUT,NONE
SECT\DRGN0.BIN,Single-File,2518,2,Black Castle,TIM: 4-Bit CLUT,NONE
SECT\DRGN0.BIN,Single-File,2519,2,Black Castle Throne,TIM: 4-Bit CLUT,NONE
SECT\DRGN0.BIN,Single-File,2520,2,Barrens,TIM: 4-Bit CLUT,NONE
SECT\DRGN0.BIN,Single-File,2521,2,Moon Infinity Hall,TIM: 4-Bit CLUT,NONE
SECT\DRGN0.BIN,Single-File,2522,2,Melbu Frahma 3rd Generation,TIM: 4-Bit CLUT,NONE
SECT\DRGN0.BIN,Single-File,2523,2,Valley of the Corrupted Gravity,TIM: 4-Bit CLUT,NONE
SECT\DRGN0.BIN,Single-File,2524,2,Valley of the Corrupted Gravity Boss Fight,TIM: 4-Bit CLUT,NONE
SECT\DRGN0.BIN,Single-File,2525,2,Home of Giganto,TIM: 4-Bit CLUT,NONE
SECT\DRGN0.BIN,Single-File,2526,2,Home of Giganto Throne,TIM: 4-Bit CLUT,NONE
SECT\DRGN0.BIN,Single-File,2527,2,Fletz Castle Throne,TIM: 4-Bit CLUT,NONE
SECT\DRGN0.BIN,Single-File,2528,2,Phantom Ship,TIM: 4-Bit CLUT,NONE
SECT\DRGN0.BIN,Single-File,2530,2,Undersea Cavern,TIM: 4-Bit CLUT,NONE
SECT\DRGN0.BIN,Single-File,2532,2,Undersea Cavern Regole Nest,TIM: 4-Bit CLUT,NONE
SECT\DRGN0.BIN,Single-File,2533,2,Evergreen Forest,TIM: 4-Bit CLUT,NONE
SECT\DRGN0.BIN,Single-File,2534,2,Forbidden Land,TIM: 4-Bit CLUT,NONE
SECT\DRGN0.BIN,Single-File,2535,2,Forbidden Land Grand Jewel,TIM: 4-Bit CLUT,NONE
SECT\DRGN0.BIN,Single-File,2536,2,Mountain Mortal Dragon,TIM: 4-Bit CLUT,NONE
SECT\DRGN0.BIN,Single-File,2537,2,Mountain Mortal Dragon Divine Dragon,TIM: 4-Bit CLUT,NONE
SECT\DRGN0.BIN,Single-File,2538,2,Kammuy Fight,TIM: 4-Bit CLUT,NONE
SECT\DRGN0.BIN,Single-File,2539,2,Kashua Glacier,TIM: 4-Bit CLUT,NONE
SECT\DRGN0.BIN,Single-File,2541,2,Flanvel,TIM: 4-Bit CLUT,NONE
SECT\DRGN0.BIN,Single-File,2542,2,Flanvel Fight with Lloyd,TIM: 4-Bit CLUT,NONE
SECT\DRGN0.BIN,Single-File,2543,2,Snowfield,TIM: 4-Bit CLUT,NONE
SECT\DRGN0.BIN,Single-File,2544,2,Fort Magrad,TIM: 4-Bit CLUT,NONE
SECT\DRGN0.BIN,Single-File,2546,2,Vellweb,TIM: 4-Bit CLUT,NONE
SECT\DRGN0.BIN,Single-File,2547,2,Vellweb 2,TIM: 4-Bit CLUT,NONE
SECT\DRGN0.BIN,Single-File,2548,2,Death Frontier,TIM: 4-Bit CLUT,NONE
SECT\DRGN0.BIN,Single-File,2549,2,Melbu Frahma Last Stage,TIM: 4-Bit CLUT,NONE
SECT\DRGN0.BIN,Single-File,2550,2,Zenebatos,TIM: 4-Bit CLUT,NONE
SECT\DRGN0.BIN,Single-File,2551,2,Mayfil,TIM: 4-Bit CLUT,NONE
SECT\DRGN0.BIN,Single-File,2552,2,Aglis,TIM: 4-Bit CLUT,NONE
SECT\DRGN0.BIN,Single-File,2553,2,Divine Tree 1,TIM: 4-Bit CLUT,NONE
SECT\DRGN0.BIN,Single-File,2555,2,Divine Tree 2,TIM: 4-Bit CLUT,NONE
SECT\DRGN0.BIN,Single-File,2556,2,Moon 1,TIM: 4-Bit CLUT,NONE
SECT\DRGN0.BIN,Single-File,2557,2,Claire Battle,TIM: 4-Bit CLUT,NONE
SECT\DRGN0.BIN,Single-File,2558,2,Moon 2 (Wingly City),TIM: 4-Bit CLUT,NONE
SECT\DRGN0.BIN,Single-File,2559,2,Archangel Battle,TIM: 4-Bit CLUT,NONE
SECT\DRGN0.BIN,Single-File,2560,2,Moon 3 (TV Stage),TIM: 4-Bit CLUT,NONE
SECT\DRGN0.BIN,Single-File,2561,2,Zieg Battle,TIM: 4-Bit CLUT,NONE
SECT\DRGN0.BIN,Single-File,2562,2,Melbu Stage 1,TIM: 4-Bit CLUT,NONE
SECT\DRGN0.BIN,Single-File,2563,2,Moon Road,TIM: 4-Bit CLUT,NONE
SECT\DRGN0.BIN,Single-File,2564,2,Zenebatos Bosses,TIM: 4-Bit CLUT,NONE
SECT\DRGN0.BIN,Single-File,2565,2,Mayfil Bosses,TIM: 4-Bit CLUT,NONE
SECT\DRGN0.BIN,Single-File,2566,2,Aglis Boss (Last Kraken),TIM: 4-Bit CLUT,NONE
SECT\DRGN0.BIN,Single-File,2567,2,Hellena Prison (Jiango),TIM: 4-Bit CLUT,NONE
SECT\DRGN0.BIN,Single-File,2568,2,Red-Eyed Dragon Dimension,TIM: 4-Bit CLUT,NONE
SECT\DRGN0.BIN,Single-File,2569,2,Jade Dragon Dimension,TIM: 4-Bit CLUT,NONE
SECT\DRGN0.BIN,Single-File,2570,2,Blue-Sea Dragon Dimension,TIM: 4-Bit CLUT,NONE
SECT\DRGN0.BIN,Single-File,2571,2,Dark Dragon Dimension,TIM: 4-Bit CLUT,NONE
SECT\DRGN0.BIN,Single-File,2572,2,White-Silver Dragon Dimension,TIM: 4-Bit CLUT,NONE
SECT\DRGN0.BIN,Single-File,2573,2,Golden Dragon Dimension,TIM: 4-Bit CLUT,NONE
SECT\DRGN0.BIN,Single-File,2574,2,Violet Dragon Dimension,TIM: 4-Bit CLUT,NONE
SECT\DRGN0.BIN,Single-File,2575,2,Divine Dragon Dragon Dimension,TIM: 4-Bit CLUT,NONE
SECT\DRGN0.BIN,Single-File,2576,2,Death Rose Battle,TIM: 4-Bit CLUT,NONE
SECT\DRGN0.BIN,Single-File,2577,2,Death Rose Battle 2,TIM: 4-Bit CLUT,NONE
SECT\DRGN0.BIN,Single-File,2578,2,Old Home of Gigantos,TIM: 4-Bit CLUT,NONE
SECT\DRGN0.BIN,Single-File,2579,2,Indora Battle,TIM: 4-Bit CLUT,NONE
SECT\DRGN0.BIN,Single-File,2580,2,Moon Dragon Mountain,TIM: 4-Bit CLUT,NONE
SECT\DRGN0.BIN,Single-File,2581,2,Michael Battle,TIM: 4-Bit CLUT,NONE
SECT\DRGN0.BIN,Single-File,2582,2,Doel Battle,TIM: 4-Bit CLUT,NONE
SECT\DRGN0.BIN,Single-File,2583,2,North Serdio Woods,TIM: 4-Bit CLUT,NONE
SECT\DRGN0.BIN,Single-File,2584,2,South Serdio Woods,TIM: 4-Bit CLUT,NONE
SECT\DRGN0.BIN,Single-File,2585,2,Queens Fury Ship,TIM: 4-Bit CLUT,NONE
SECT\DRGN0.BIN,Single-File,2586,2,Tiberoa Desert,TIM: 4-Bit CLUT,NONE
SECT\DRGN0.BIN,Single-File,2587,2,Hoax Last Stand Cutscene,TIM: 4-Bit CLUT,NONE
SECT\DRGN0.BIN,Single-File,2588,2,Volcano Villude Virage Cutscene,TIM: 4-Bit CLUT,NONE
SECT\DRGN0.BIN,Single-File,2589,2,Nest of Dragon Inside,TIM: 4-Bit CLUT,NONE
SECT\DRGN0.BIN,Single-File,2590,2,Melbu Frahma 2nd Stage,TIM: 4-Bit CLUT,NONE
SECT\DRGN0.BIN,Single-File,2591,2,Melbu Frahma 3rd Generation Cutscene,TIM: 4-Bit CLUT,NONE
SECT\DRGN0.BIN,Single-File,2592,2,Melbu Frahma 3rd Generation Cutscene 2,TIM: 4-Bit CLUT,NONE
